<?xml version="1.0" encoding="UTF-8"?>
<!DOCTYPE beans PUBLIC "-//SPRING//DTD BEAN 2.0//EN" "http://www.springframework.org/dtd/spring-beans-2.0.dtd">
<beans>
    <bean id="applicationContext" class="net.bobstudio.utils.ApplicationContextHelper"/>
	<bean id="propertyConfigurer"
		class="org.springframework.beans.factory.config.PropertyPlaceholderConfigurer">
		<property name="locations">
			<list>
				<value>classpath*:config/jdbc.properties</value>
				<value>classpath*:config/hibernate.properties</value>
			</list>
		</property>
	</bean>
</beans>
