<?xml version="1.0" encoding="UTF-8"?>
<beans xmlns="http://www.springframework.org/schema/beans"
	xmlns:xsi="http://www.w3.org/2001/XMLSchema-instance" xmlns:aop="http://www.springframework.org/schema/aop"
	xmlns:tx="http://www.springframework.org/schema/tx"
	xsi:schemaLocation="http://www.springframework.org/schema/beans http://www.springframework.org/schema/beans/spring-beans-2.0.xsd
           http://www.springframework.org/schema/aop http://www.springframework.org/schema/aop/spring-aop-2.0.xsd
           http://www.springframework.org/schema/tx http://www.springframework.org/schema/tx/spring-tx-2.0.xsd"
	default-autowire="byName" default-lazy-init="true">

	<bean id="dataSource" class="org.apache.commons.dbcp.BasicDataSource"
		destroy-method="close">
		<property name="driverClassName" value="${jdbc.driverClassName}" />
		<property name="url" value="${jdbc.url}" />
		<property name="username" value="${jdbc.username}" />
		<property name="password" value="${jdbc.password}" />
	</bean>

	<!--Hibernate SessionFatory -->
	<bean id="sessionFactory"
		class="org.springframework.orm.hibernate3.LocalSessionFactoryBean">
		<property name="dataSource" ref="dataSource" />
		<property name="mappingDirectoryLocations">
			<list>
				<value>classpath*:/net/bobstudio/dms/model/hbm/</value>
			</list>
		</property>
		<property name="mappingJarLocations">
			<list>
				<value>WEB-INF/lib/springside-bs.jar</value>
			</list>
		</property>
		<property name="mappingLocations">
			<list>
                <value>classpath*:/org/springside/bookstore/components/acegi/domain/hbm/</value>
			</list>
		</property>
		<property name="hibernateProperties">
			<props>
				<prop key="hibernate.dialect">${hibernate.dialect}</prop>
				<prop key="hibernate.show_sql">${hibernate.show_sql}</prop>
				<prop key="hibernate.cache.use_query_cache">${hibernate.cache.use_query_cache}</prop>
				<prop key="hibernate.cache.provider_class">${hibernate.cache.provider_class}</prop>
			</props>
		</property>
	</bean>

	<!--Hibernate TransactionManager -->
	<bean id="transactionManager"
		class="org.springframework.orm.hibernate3.HibernateTransactionManager">
		<property name="sessionFactory" ref="sessionFactory" />
	</bean>

	<aop:config proxy-target-class="true">
		<aop:advisor pointcut="execution(* org.springside.helloworld..*Manager.*(..))"
			advice-ref="txAdvice" />
		<aop:advisor pointcut="execution(* org.springside.core.commons.*Dao.*(..))"
			advice-ref="txAdvice" />
	</aop:config>

	<tx:advice id="txAdvice" transaction-manager="transactionManager">
		<tx:attributes>
			<tx:method name="save*" />
			<tx:method name="remove*" />
			<tx:method name="*" read-only="true" />
		</tx:attributes>
	</tx:advice>
</beans>
