<?xml version="1.0" encoding="UTF-8" standalone="no"?>
<!DOCTYPE properties SYSTEM "http://java.sun.com/dtd/properties.dtd">
<properties>
<entry key="app_preset_prof_preset_name">dms on Tomcat  8.x Launch Configuration</entry>
<entry key="app_preset_prof_preset_filter_s"/>
<entry key="app_preset_prof_preset_filter_p">com.*,
net.bobstudio.decorator.action.*,
net.bobstudio.decorator.model.*,
net.bobstudio.decorator.service.*,
net.bobstudio.dms.action.*,
net.bobstudio.dms.model.*,
net.bobstudio.dms.service.*,
net.bobstudio.utils.*,
org.springside.bookstore.components.acegi.*,
org.springside.helloworld.functional.*</entry>
<entry key="app_preset_prof_preset_alloc_p">10</entry>
<entry key="app_preset_"/>
<entry key="app_preset_prof_preset_samplingRefreshRate_s">1000</entry>
<entry key="app_preset_prof_preset_stacks_p">false</entry>
<entry key="app_preset_prof_preset_roots_p">com.**
net.bobstudio.decorator.action.**
net.bobstudio.decorator.model.**
net.bobstudio.decorator.service.**
net.bobstudio.dms.action.**
net.bobstudio.dms.model.**
net.bobstudio.dms.service.**
net.bobstudio.utils.**
org.springside.bookstore.components.acegi.**
org.springside.helloworld.functional.**
</entry>
<entry key="profiler.settings.instrument.empty.methods">false</entry>
<entry key="myeclipse.profiling.mode">0</entry>
<entry key="profiler.settings.istrument.getter.setter.methods">false</entry>
<entry key="app_preset_prof_preset_samplingRate_s">100</entry>
<entry key="app_preset_prof_preset_filterMode_s">true</entry>
<entry key="app_preset_prof_preset_selector"/>
<entry key="app_preset_prof_preset_refreshRate_s">1000</entry>
<entry key="app_preset_prof_preset_runnables_p">true</entry>
<entry key="app_preset_prof_preset_filterMode_p">false</entry>
<entry key="app_preset_prof_preset_memoryMode_p">true</entry>
</properties>
