<?xml version="1.0" encoding="UTF-8"?>
<!DOCTYPE beans PUBLIC "-//SPRING//DTD BEAN//EN" "http://www.springframework.org/dtd/spring-beans.dtd">

<!--
	- A simple "base bones" Acegi Security configuration.
	-
	- The sample includes the "popular" features that people tend to use.
	- Specifically, form authentication, remember-me, and anonymous processing.
	- Other features aren't setup, as these can be added later by inserting
	- the relevant XML fragments as specified in the Reference Guide.
	-
	- To assist new users, the filters specified in the FilterChainProxy are
	- declared in the application context in the same order. Collaborators
	- required by those filters are placed at the end of the file.
	-
	- $Id: applicationContext-acegi-security.xml 1513 2006-05-29 13:32:12Z benalex $
-->

<beans>

	<bean id="filterChainProxy"
		  class="org.acegisecurity.util.FilterChainProxy">
		<property name="filterInvocationDefinitionSource">
			<value>
				CONVERT_URL_TO_LOWERCASE_BEFORE_COMPARISON
				PATTERN_TYPE_APACHE_ANT
				/**=httpSessionContextIntegrationFilter,logoutFilter,authenticationProcessingFilter,securityContextHolderAwareRequestFilter,rememberMeProcessingFilter,anonymousProcessingFilter,exceptionTranslationFilter,filterInvocationInterceptor
			</value>
		</property>
	</bean>

	<bean id="httpSessionContextIntegrationFilter"
		  class="org.acegisecurity.context.HttpSessionContextIntegrationFilter"/>

	<bean id="logoutFilter"
		  class="org.acegisecurity.ui.logout.LogoutFilter">
		<constructor-arg value="/index.jsp"/>
		<!-- URL redirected to after logout -->
		<constructor-arg>
			<list>
				<ref bean="rememberMeServices"/>
				<bean
						class="org.acegisecurity.ui.logout.SecurityContextLogoutHandler"/>
			</list>
		</constructor-arg>
	</bean>

	<bean id="authenticationProcessingFilter"
		  class="org.acegisecurity.ui.webapp.AuthenticationProcessingFilter">
		<property name="authenticationManager"
				  ref="authenticationManager"/>
		<property name="authenticationFailureUrl"
				  value="/acegilogin.jsp?login_error=1"/>
		<property name="defaultTargetUrl" value="/project.shtml"/>
		<property name="filterProcessesUrl"
				  value="/j_acegi_security_check"/>
		<property name="rememberMeServices" ref="rememberMeServices"/>
	</bean>

	<bean id="securityContextHolderAwareRequestFilter"
		  class="org.acegisecurity.wrapper.SecurityContextHolderAwareRequestFilter"/>

	<bean id="rememberMeProcessingFilter"
		  class="org.acegisecurity.ui.rememberme.RememberMeProcessingFilter">
		<property name="authenticationManager"
				  ref="authenticationManager"/>
		<property name="rememberMeServices" ref="rememberMeServices"/>
	</bean>

	<bean id="anonymousProcessingFilter"
		  class="org.acegisecurity.providers.anonymous.AnonymousProcessingFilter">
		<property name="key" value="changeThis"/>
		<property name="userAttribute"
				  value="anonymousUser,ROLE_ANONYMOUS"/>
	</bean>

	<bean id="exceptionTranslationFilter"
		  class="org.acegisecurity.ui.ExceptionTranslationFilter">
		<property name="authenticationEntryPoint">
			<bean
					class="org.acegisecurity.ui.webapp.AuthenticationProcessingFilterEntryPoint">
				<property name="loginFormUrl" value="/acegilogin.jsp"/>
				<property name="forceHttps" value="false"/>
			</bean>
		</property>
		<property name="accessDeniedHandler">
			<bean
					class="org.acegisecurity.ui.AccessDeniedHandlerImpl">
				<property name="errorPage" value="/accessDenied.jsp"/>
			</bean>
		</property>
	</bean>

	<bean id="filterInvocationInterceptor"
		  class="org.acegisecurity.intercept.web.FilterSecurityInterceptor">
		<property name="authenticationManager"
				  ref="authenticationManager"/>
		<property name="accessDecisionManager">
			<bean class="org.acegisecurity.vote.AffirmativeBased">
				<property name="allowIfAllAbstainDecisions"
						  value="false"/>
				<property name="decisionVoters">
					<list>
						<bean class="org.acegisecurity.vote.RoleVoter"/>
						<bean
								class="org.acegisecurity.vote.AuthenticatedVoter"/>
					</list>
				</property>
			</bean>
		</property>
		<property name="objectDefinitionSource"
				  ref="filterDefinitionSource"/>
	</bean>

	<bean id="filterDefinitionSource"
		  class="org.springside.bookstore.components.acegi.intercept.web.DBFilterInvocationDefinitionSource">
		<property name="convertUrlToLowercaseBeforeComparison"
				  value="true"/>
		<property name="useAntPath" value="true"/>
		<property name="acegiCacheManager" ref="acegiCacheManager"/>
	</bean>

	<bean id="rememberMeServices"
		  class="org.acegisecurity.ui.rememberme.TokenBasedRememberMeServices">
		<property name="userDetailsService" ref="userDetailsService"/>
		<property name="key" value="changeThis"/>
	</bean>

	<bean id="authenticationManager"
		  class="org.acegisecurity.providers.ProviderManager">
		<property name="providers">
			<list>
				<ref local="daoAuthenticationProvider"/>
				<bean
						class="org.acegisecurity.providers.anonymous.AnonymousAuthenticationProvider">
					<property name="key" value="changeThis"/>
				</bean>
				<bean
						class="org.acegisecurity.providers.rememberme.RememberMeAuthenticationProvider">
					<property name="key" value="changeThis"/>
				</bean>
			</list>
		</property>
	</bean>

	<!-- 使用Md5算法加密 -->
	<bean id="passwordEncoder"
		  class="org.acegisecurity.providers.encoding.Md5PasswordEncoder"/>

	<bean id="daoAuthenticationProvider"
		  class="org.acegisecurity.providers.dao.DaoAuthenticationProvider">
		<property name="userDetailsService" ref="userDetailsService"/>
		<property name="userCache" ref="userCache"/>
		<property name="passwordEncoder" ref="passwordEncoder"/>
	</bean>

	<bean name="userCache" class="org.acegisecurity.providers.dao.cache.EhCacheBasedUserCache">
		<property name="cache">
			<bean
					class="org.springframework.cache.ehcache.EhCacheFactoryBean" autowire="byName">
				<property name="cacheManager" ref="cacheManager"/>
				<property name="cacheName" value="userCache"/>
			</bean>
		</property>
	</bean>

	<!-- 自建一个resourceCache以存放resource对应的role关系 -->
	<!--
		resource缓存实际执行对象
	-->
	<bean id="resourceCache"
		  class="org.springside.bookstore.components.acegi.resourcedetails.ResourceCache"
		  autowire="byName">
		<property name="cache">
			<bean id="resourceCacheBackend"
				  class="org.springframework.cache.ehcache.EhCacheFactoryBean">
				<property name="cacheManager" ref="cacheManager"/>
				<property name="cacheName" value="resourceCache"/>
			</bean>
		</property>
	</bean>


	<!-- UserDetailsService is the most commonly frequently Acegi Security interface implemented by end users -->
	<bean id="userDetailsService"
		  class="org.acegisecurity.userdetails.jdbc.JdbcDaoImpl">
		<property name="dataSource" ref="dataSource"/>
		<property name="usersByUsernameQuery">
			<value>
				select loginid,passwd,1 from ss_users where status='1'
				and loginid = ?
			</value>
		</property>
		<property name="authoritiesByUsernameQuery">
			<value>
				select u.loginid,r.name from ss_users u,ss_roles r,ss_user_role ur
				where u.id=ur.user_id and r.id=ur.role_id and u.status='1'
				and u.loginid=?
			</value>
		</property>
	</bean>

	<!-- This bean is optional; it isn't used by any other bean as it only listens and logs -->
	<bean id="loggerListener"
		  class="org.acegisecurity.event.authentication.LoggerListener"/>

	<bean id="cacheManager" class="org.springframework.cache.ehcache.EhCacheManagerFactoryBean">
		<property name="configLocation">
			<value>classpath:org/springside/bookstore/components/acegi/ehcache.xml</value>
		</property>
	</bean>

	<bean id="acegiCacheManager" class="org.springframework.transaction.interceptor.TransactionProxyFactoryBean"
		  abstract="false" autowire="byName">
		<property name="transactionManager" ref="transactionManager"/>
		<property name="proxyTargetClass" value="true"/>
		<property name="target">
			<bean class="org.springside.bookstore.components.acegi.cache.AcegiCacheManagerImpl">
				<property name="resourceCache" ref="resourceCache"></property>
				<property name="userCache" ref="userCache"></property>
				<property name="sessionFactory" ref="sessionFactory"></property>
			</bean>
		</property>
		<property name="transactionAttributes">
			<props>
				<prop key="modify*">PROPAGATION_REQUIRED</prop>
				<prop key="auth*">PROPAGATION_REQUIRED</prop>
				<prop key="init*">PROPAGATION_REQUIRED,readOnly</prop>
				<prop key="refresh*">PROPAGATION_REQUIRED,readOnly</prop>
				<prop key="get*">PROPAGATION_REQUIRED,readOnly</prop>
			</props>
		</property>
	</bean>

</beans>
