<?xml version="1.0" encoding="UTF-8"?>
<!DOCTYPE beans PUBLIC "-//SPRING//DTD BEAN 2.0//EN" "http://www.springframework.org/dtd/spring-beans-2.0.dtd">
<beans default-autowire="byName" default-lazy-init="true">
    <bean name="/admin/index" class="net.bobstudio.dms.action.IndexAction" >
        <property name="userManager" ref="userManager" />
    </bean>
	<bean name="/user" class="net.bobstudio.dms.action.UserAction" />
	<bean name="/admin/editPwd" class="net.bobstudio.dms.action.EditPwdAction">
		<property name="acegiCacheManager" ref="acegiCacheManager" />
	</bean>
    <bean name="/admin/device" class="net.bobstudio.dms.action.DeviceAction" />
    <bean name="/admin/devicedata" class="net.bobstudio.dms.action.DevicedataAction" />
</beans>
