<?xml version="1.0" encoding="UTF-8"?> 
<conf>
	<server ip="127.0.0.1" port="8000"/>
	<device id="0" note="RS232串口设备0" innerId="serialPortRS232Device0" img="serialPortRS232Device0.png">
		<error code="1" tip="温度过高"/>
		<error code="2" tip="设备无响应"/>
	</device>
	<device id="1" note="RS232串口设备1"  innerId="serialPortRS232Device1" img="serialPortRS232Device1.png">
		<error code="1" tip="温度过高"/>
		<error code="2" tip="设备无响应"/>
	</device>
	<device id="2" note="RS232串口设备2"  innerId="serialPortRS232Device2" img="serialPortRS232Device2.png">
		<error code="1" tip="温度过高"/>
		<error code="2" tip="设备无响应"/>
	</device>
	<device id="3" note="RS232串口设备3"  innerId="serialPortRS232Device3" img="serialPortRS232Device3.png">
		<error code="1" tip="温度过高"/>
		<error code="2" tip="设备无响应"/>
	</device>
	<device id="4" note="CAN总线设备0"  innerId="canPortDevice0" img="canPortDevice0.png">
		<error code="1" tip="温度过高"/>
		<error code="2" tip="设备无响应"/>
	</device>
	<device id="5" note="CAN总线设备1"  innerId="canPortDevice1" img="canPortDevice1.png">
		<error code="1" tip="温度过高"/>
		<error code="2" tip="设备无响应"/>
	</device>
	<device id="6" note="RS485串口设备1"  innerId="serialPortRS485Device0" img="serialPortRS485Device0.png">
		<error code="1" tip="温度过高"/>
		<error code="2" tip="设备无响应"/>
	</device>
	<device id="7" note="RS485串口设备2" innerId="serialPortRS485Device1" img="serialPortRS485Device1.png">
		<error code="1" tip="温度过高"/>
		<error code="2" tip="设备无响应"/>
	</device>
	<device id="8" note="以太设备" innerId="ethPortDevice0" img="ethPortDevice0.png">
		<error code="1" tip="温度过高"/>
		<error code="2" tip="设备无响应"/>
	</device>
	<device id="9" note="监控机" innerId="monitor" img="monitor.png">
		<error code="1" tip="温度过高"/>
		<error code="2" tip="设备无响应"/>
	</device>
	
</conf>