<?xml version="1.0" encoding="UTF-8" ?>
<!DOCTYPE struts-config PUBLIC
        "-//Apache Software Foundation//DTD Struts Configuration 1.2//EN"
        "http://struts.apache.org/dtds/struts-config_1_2.dtd">
<struts-config>
	<form-beans>
        <form-bean name="userForm" type="org.apache.struts.validator.LazyValidatorForm"/>
        <form-bean name="editPwdForm" type="org.apache.struts.validator.LazyValidatorForm"/>
        <form-bean name="deviceForm"
            type="org.apache.struts.validator.LazyValidatorForm" />
        <form-bean name="devicedataForm"
            type="org.apache.struts.validator.LazyValidatorForm" />
	</form-beans>

	<global-forwards>
        <forward name="login" path="/WEB-INF/pages/login.jsp" />
        <forward name="admin" path="/admin/index.jsp" />
	</global-forwards>

	<action-mappings>
        <action path="/admin/index" scope="request" parameter="method" validate="false">
            <forward name="success" path="/admin/index.jsp" />
            <forward name="logout" path="/" />
            <forward name="failed" path="/login.jsp?login_error=1" />
        </action>
        <action path="/admin/editPwd" name="editPwdForm" scope="request" parameter="method" validate="false">
            <forward name="edit" path="/WEB-INF/pages/userEditPwd.jsp"/>
            <forward name="success" path="/user.shtml?method=list" redirect="true"/>
        </action>
        <action path="/user" name="userForm" scope="request" parameter="method" validate="false">
            <forward name="list" path="/WEB-INF/pages/userList.jsp"/>
            <forward name="edit" path="/WEB-INF/pages/userForm.jsp"/>
            <forward name="view" path="/WEB-INF/pages/userView.jsp"/>
            <forward name="success" path="/user.shtml?method=list" redirect="true"/>
        </action>
        <action path="/admin/device" name="deviceForm" scope="request"
            parameter="method" validate="false">
            <forward name="list" path="/WEB-INF/pages/deviceList.jsp" />
            <forward name="edit" path="/WEB-INF/pages/deviceForm.jsp" />
            <forward name="topo" path="/WEB-INF/topo/topo.jsp" />
            <forward name="success"
                path="/admin/device.shtml?method=list" redirect="true" />
        </action>
        <action path="/admin/devicedata" name="devicedataForm" scope="request"
            parameter="method" validate="false">
            <forward name="view" path="/WEB-INF/pages/devicedataView.jsp" />
            <forward name="list" path="/WEB-INF/pages/devicedataList.jsp" />
            <forward name="edit" path="/WEB-INF/pages/devicedataForm.jsp" />
            <forward name="lastone" path="/WEB-INF/pages/devicedataLastone.jsp" />
            <forward name="add" path="/WEB-INF/pages/multiDevicedataForm.jsp" />
            <forward name="addList"
                path="/admin/devicedata.shtml?method=list&amp;status=adding"
                redirect="true" />
            <forward name="success" path="/admin/devicedata.shtml?method=list"
                redirect="true" />
        </action>

	</action-mappings>

	<controller>
		<set-property property="processorClass"
			value="org.springframework.web.struts.DelegatingRequestProcessor" />
	</controller>

	<message-resources parameter="i18n/messages" />

	<plug-in
		className="org.springframework.web.struts.ContextLoaderPlugIn" />

	<plug-in className="org.apache.struts.validator.ValidatorPlugIn">
		<set-property property="pathnames"
			value="/WEB-INF/validator-rules.xml,/WEB-INF/validation.xml" />
	</plug-in>
</struts-config>
