<?xml version="1.0" encoding="UTF-8"?>
<!DOCTYPE hibernate-mapping PUBLIC
        "-//Hibernate/Hibernate Mapping DTD 3.0//EN"
        "http://hibernate.sourceforge.net/hibernate-mapping-3.0.dtd">
<hibernate-mapping>
    <class name="net.bobstudio.dms.model.Device" table="device" dynamic-insert="true"
           dynamic-update="true">
        <cache usage="nonstrict-read-write"/>
        <id name="id" column="id">
            <generator class="native"/>
        </id>
        <property name="name" column="name"/>
        <property name="specs" column="specs"/>
    </class>
</hibernate-mapping>